Workbook
Name A: [1]ANÁLISE!$BI$17:$BI$2000
Name AAA: #REF!
Name ANA: #REF!
Name Análise: #REF!
Name COMPOSIÇÕES: #REF!
Name CR: #REF!
Name DADOS: #REF!
Name DESC: [2]DADOS_READ!$C$19:$G$1500
Name IC: [3]ANÁLISE!#REF!
Name IC: '[4]ANÁLISE PREÇO'!#REF!
Name IC: #REF!
Name II: #REF!
Name IL: [2]LOCAIS!$C$6:$C$46
Name IM: #REF!
Name IS: [3]ANÁLISE!#REF!
Name IS: '[4]ANÁLISE PREÇO'!#REF!
Name IS: #REF!
Name IT: #REF!
Name MTX_READ: [2]DADOS_READ!$C$19:$M$1501
Name ORÇAMENTO: [5]Orçamento!$1:$1048576
Name orçasin: '[6]ORÇA. ANÁLISE'!$A$9:$G$266
Name PAD: [2]DADOS_BASICOS!$D$25
Name S: #REF!
Name S_1: #REF!
Name S_10: #REF!
Name S_11: #REF!
Name S_12: #REF!
Name S_2: #REF!
Name S_3: #REF!
Name S_4: #REF!
Name S_5: #REF!
Name S_6: #REF!
Name S_7: #REF!
Name S_8: #REF!
Name S_9: #REF!
Name SD: [2]READ!$H$1513
Name T_1: #REF!
Name T_10: #REF!
Name T_11: #REF!
Name T_12: #REF!
Name T_2: #REF!
Name T_3: #REF!
Name T_4: #REF!
Name T_5: #REF!
Name T_6: #REF!
Name T_7: #REF!
Name T_8: #REF!
Name T_9: #REF!
Name TG: #REF!
Name TVA: [2]MEDIÇÃO!$S$1502
Name TVM: [2]MEDIÇÃO!$T$1502
Name TVP: [2]MEDIÇÃO!$O$1502
Name TVR: [2]MEDIÇÃO!$P$1502
Name TVS: [2]MEDIÇÃO!$V$1502
Name VL_LICITADO: [2]READ!$H$1508
Name VPL: [2]READ!$H$1508
Name VPR: [2]READ!$H$1512

Sheet DADOS
C4: DADOS DA OBRA
C7: OBJETO DO CONTRATO | D7: CONSTITUI O PRESENTE OBJETO A CONTRATAÇÃO DE EMPRESA ESPECIALIZADA PARA EXECUÇÃO DE OBRA DA COBERTURA DA QUADRA POLIESPORTIVA DO 8º BATALHÃO DE POLICIA MILITAR, LOCALIZADO NA RUA PROF. MARIO PINOTI, 218, NOVA CRUZ/RN.
C9: EMPRESA | D9: CONARTE PROJETOS CONSTRUÇÕES E SERVIÇOS LTDA
C11: Nº CONTRATO | D11: 057/2025 | F11: Nº MEDIÇÃO | H11: 108/2026 | J11: MEDIÇÃO Nº | L11: 2
C13: DATA ORDEM SERVIÇO | D13: 46008 | F13: DATA MEDIÇÃO | H13: 01/06/2026 a 21/06/2026
C16: DATA BASE (Io) | D16: 10/09/2025 | H16: Cliente:
C18: PRAZO OBRA | D18: 120 | E18: Dias | H18: GOVERNO DO ESTADO DO RIO GRANDE DO NORTE
C20: PRAZO ADITIVADO | D20: 0 | E20: Dias
C22: TEMPO DE PARALIZAÇÃO | D22: 0 | E22: Dias | H22: SUB-COORDENADORIA DE FISCALIZAÇÃO E CONTROLE
C24: PRAZO TOTAL | D24: =D18+D20+D22 -> 120 | E24: Dias | H24: OBRA FISCALIZADA PELA:
C26: BDI (%) | D26: 0.2663 | H26: SECRETARIA DE ESTADO DA INFRAESTUTURA DO RN
C28: MAXIMO A ADITIVAR (%) | D28: 0.5
D30: DADOS DO FISCAL
C32: NOME | D32: VICTOR HUGO GOMES
C34: FUNÇÃO | D34: ENGENHEIRO CIVIL | H34: MATRICULA FUNCIONAL
C36: ENTIDADE DE CLASSE | D36: CREA | H36: REGISTRO PROFISSIONAL
M38: V4.1.02.15

Sheet PLANILHA
A1: PLANILHA DE MEDIÇÕES PADRÃO - SIN
A3: GOVERNO DO ESTADO DO RIO GRANDE DO NORTE
A4: SECRETARIA DE INFRA-ESTRUTURA - SIN
A5: COORDENADORIA DE OBRAS E SERVIÇOS DE ENGENHARIA
A6: SUB-COORDENADORIA DE FISCALIZAÇÃO E CONTROLE
A8: OBRA: | B8: =DADOS!D7 -> CONSTITUI O PRESENTE OBJETO A CONTRATAÇÃO DE EMPRESA ESPECIALIZADA PARA EXECUÇÃO DE OBRA DA COBERTURA DA QUADRA POLIESPORTIVA DO 8º BATALHÃO DE POLICIA MILITAR, LOCALIZADO NA RUA PROF. MARIO PINOTI, 218, NOVA CRUZ/RN. | C8: CONTRATO.: | E8: MEDIÇÃO: CONTROLE Nº | F8: DATA ORDEM DE SERVIÇO: | G8: MEDIÇÃO DA OBRA | H8: PRAZO DE EXECUÇÃO DA OBRA: | I8: DATA DA MEDIÇÃO: | J8: DATA BASE DA PLANILHA BASE: | K8: EMPRESA EXECUTORA: | L8: =DADOS!D9 -> CONARTE PROJETOS CONSTRUÇÕES E SERVIÇOS LTDA
C9: =DADOS!D11 -> 057/2025 | E9: =DADOS!H11 -> 108/2026 | F9: =DADOS!D13 -> 46008 | G9: =DADOS!L11 -> 2 | H9: =DADOS!D24 -> 120 | I9: =DADOS!H13 -> 01/06/2026 a 21/06/2026 | J9: =DADOS!D16 -> 10/09/2025
A10: BOLETIM DE MEDIÇÃO Nº 02 | T10: AVISO | U10: AVISO | V10: AVISO | W10: AVISO | X10: AVISO
A11: ITEM | B11: DESCRIÇÃO | C11: QUANTIDADE | H11: PERCENTUAL | J11: VALORES
C12: UNID | D12: PREVISTO | E12: NO PERÍODO | F12: ACUMULADO | G12: SALDO | H12: NO PERÍODO | I12: ACUMULADO | J12: PREÇO UNIT. | K12: PREVISTO | L12: NO PERÍODO | M12: ACUMULADO | N12: SALDO | Q12: TOTAL | R12: SALDO | S12: ACUMULADO | T12: 1ª Medição | U12: 2ª Medição | V12: 3ª Medição | W12: 4ª Medição | X12: 5ª Medição
A13: 1. | B13: SERVIÇOS PRELIMINARES | K13: =SUM(K14:K20) -> 23460.26 | L13: =SUM(L14:L20) -> 6195.01 | M13: =SUM(M14:M20) -> 16027.88 | N13: =SUM(N14:N20) -> 7432.38
A14: 1.1 | B14: ADMINISTRAÇÃO LOCAL DA OBRA | C14: UN | D14: 1 | E14: ='M. DE CÁLCULO'!K20 -> 0.35 | F14: =S14+E14 -> 0.58 | G14: =D14-F14 -> 0.42 | H14: =E14/D14 -> 0.35 | I14: =F14/D14 -> 0.58 | J14: 17695.49 | K14: =(D14*$J14) -> 17695.49 | L14: 6195.01 | M14: =TRUNC(F14*$J14,2) -> 10263.38 | N14: =K14-M14 -> 7432.11 | Q14: =L14 -> 6195.01 | R14: =D14-S14-E14 -> 0.42 | S14: =SUM(T14:X14) -> 0.23 | T14: 0.23
A15: 1.2 | B15: REGULARIZAÇÃO DE OBRA - ART - 2025 | C15: UN | D15: 1 | E15: =VLOOKUP(A15,'M. DE CÁLCULO'!$A$17:$N$843,12,0) -> 0 | F15: =S15+E15 -> 1 | G15: =D15-F15 -> 0 | H15: =E15/D15 -> 0 | I15: =F15/D15 -> 1 | J15: 332.45 | K15: =TRUNC(D15*$J15,2) -> 332.45 | L15: =TRUNC(E15*$J15,2) -> 0 | M15: =TRUNC(F15*$J15,2) -> 332.45 | N15: =K15-M15 -> 0 | Q15: =L15 -> 0 | R15: =D15-S15-E15 -> 0 | S15: =SUM(T15:X15) -> 1 | T15: 1
A16: 1.3 | B16: FORNECIMENTO E INSTALAÇÃO DE PLACA DE OBRA COM CHAPA GALVANIZADA E ESTRUTURA DE MADEIRA. AF_03/2022_PS | C16: m² | D16: 6 | E16: =VLOOKUP(A16,'M. DE CÁLCULO'!$A$17:$N$843,12,0) -> 0 | F16: =S16+E16 -> 6 | G16: =D16-F16 -> 0 | H16: =E16/D16 -> 0 | I16: =F16/D16 -> 1 | J16: 527.68 | K16: =TRUNC(D16*$J16,2) -> 3166.08 | L16: =TRUNC(E16*$J16,2) -> 0 | M16: =TRUNC(F16*$J16,2) -> 3166.08 | N16: =K16-M16 -> 0 | Q16: =L16 -> 0 | R16: =D16-S16-E16 -> 0 | S16: =SUM(T16:X16) -> 6 | T16: 6
A17: 1.4 | B17: MOBILIZAÇÃO DE EQUIPAMENTOS EM CAMINHÃO EQUIPADO COM GUINDASTE | C17: KM | D17: 50 | E17: =VLOOKUP(A17,'M. DE CÁLCULO'!$A$17:$N$843,12,0) -> 0 | F17: =S17+E17 -> 50 | G17: =D17-F17 -> 0 | H17: =E17/D17 -> 0 | I17: =F17/D17 -> 1 | J17: 5 | K17: =TRUNC(D17*$J17,2) -> 250 | L17: =TRUNC(E17*$J17,2) -> 0 | M17: =TRUNC(F17*$J17,2) -> 250 | N17: =K17-M17 -> 0 | Q17: =L17 -> 0 | R17: =D17-S17-E17 -> 0 | S17: =SUM(T17:X17) -> 50 | T17: 50
A18: 1.5 | B18: DEMOLIÇÃO DE PISO DE CIMENTADO SOBRE LASTRO DE CONCRETO SIMPLES/CALCETAMENTO. R_11/2020 | C18: m² | D18: 23.66 | E18: =VLOOKUP(A18,'M. DE CÁLCULO'!$A$17:$N$843,12,0) -> 0 | F18: =S18+E18 -> 23.65 | G18: =D18-F18 -> 0.01 | H18: =E18/D18 -> 0 | I18: =F18/D18 -> 0.9996 | J18: 27 | K18: =TRUNC(D18*$J18,2) -> 638.82 | L18: =TRUNC(E18*$J18,2) -> 0 | M18: =TRUNC(F18*$J18,2) -> 638.55 | N18: =K18-M18 -> 0.27 | Q18: =L18 -> 0 | R18: =D18-S18-E18 -> 0.01 | S18: =SUM(T18:X18) -> 23.65 | T18: 23.65
A19: 1.6 | B19: DEMOLIÇÃO DE ALVENARIA DE BLOCO FURADO, DE FORMA MANUAL, SEM REAPROVEITAMENTO. AF_09/2023 | C19: m³ | D19: 3.46 | E19: =VLOOKUP(A19,'M. DE CÁLCULO'!$A$17:$N$843,12,0) -> 0 | F19: =S19+E19 -> 3.46 | G19: =D19-F19 -> 0 | H19: =E19/D19 -> 0 | I19: =F19/D19 -> 1 | J19: 70.11 | K19: =TRUNC(D19*$J19,2) -> 242.58 | L19: =TRUNC(E19*$J19,2) -> 0 | M19: =TRUNC(F19*$J19,2) -> 242.58 | N19: =K19-M19 -> 0 | Q19: =L19 -> 0 | R19: =D19-S19-E19 -> 0 | S19: =SUM(T19:X19) -> 3.46 | T19: 3.46
A20: 1.7 | B20: REMOÇÃO DE POSTE DE CONCRETO ARMADO SEÇÃO CIRCULAR OU DUPLO T. INC_05/2021 | C20: un | D20: 3 | E20: =VLOOKUP(A20,'M. DE CÁLCULO'!$A$17:$N$843,12,0) -> 0 | F20: =S20+E20 -> 3 | G20: =D20-F20 -> 0 | H20: =E20/D20 -> 0 | I20: =F20/D20 -> 1 | J20: 378.28 | K20: =TRUNC(D20*$J20,2) -> 1134.84 | L20: =TRUNC(E20*$J20,2) -> 0 | M20: =TRUNC(F20*$J20,2) -> 1134.84 | N20: =K20-M20 -> 0 | S20: =SUM(T20:X20) -> 3 | T20: 3
A21: 2 | B21: MOVIMENTO DE TERRA | K21: =SUM(K22:K24) -> 3292.14 | L21: =SUM(L22:L24) -> 26.88 | M21: =SUM(M22:M24) -> 3118.72 | N21: =SUM(N22:N24) -> 173.42
A22: 2.1 | B22: ESCAVAÇÃO MANUAL PARA BLOCO DE COROAMENTO OU SAPATA (INCLUINDO ESCAVAÇÃO PARA COLOCAÇÃO DE FÔRMAS). AF_01/2024 | C22: m³ | D22: 23.96 | E22: =VLOOKUP(A22,'M. DE CÁLCULO'!$A$17:$N$843,12,0) -> 0 | F22: =S22+E22 -> 23.76 | G22: =D22-F22 -> 0.2 | H22: =E22/D22 -> 0 | I22: =F22/D22 -> 0.9917 | J22: 114.43 | K22: =D22*J22 -> 2741.74 | L22: =TRUNC(E22*$J22,2) -> 0 | M22: =TRUNC(F22*$J22,2) -> 2718.85 | N22: =K22-M22 -> 22.89 | Q22: =L22 -> 0 | R22: =D22-S22-E22 -> 0.2 | S22: =SUM(T22:X22) -> 23.76 | T22: 23.76
A23: 2.2 | B23: ATERRO MANUAL COM AREIA PARA ATERRO E APILOADO COM SOQUETE EM CAMADAS DE 20 CM. R_11/2019 | C23: m³ | D23: 0.9 | E23: =VLOOKUP(A23,'M. DE CÁLCULO'!$A$17:$N$843,12,0) -> 0.2 | F23: =S23+E23 -> 0.9 | G23: =D23-F23 -> 0 | H23: =E23/D23 -> 0.2222 | I23: =F23/D23 -> 1 | J23: 134.41 | K23: =TRUNC(D23*J23,2) -> 120.96 | L23: =TRUNC(E23*$J23,2) -> 26.88 | M23: =TRUNC(F23*$J23,2) -> 120.96 | N23: =K23-M23 -> 0 | Q23: =L23 -> 26.88 | R23: =D23-S23-E23 -> 0 | S23: =SUM(T23:X23) -> 0.7 | T23: 0.7
A24: 2.3 | B24: REATERRO MANUAL DE VALAS, COM PLACA VIBRATÓRIA. AF_08/2023 | C24: m³ | D24: 16.09 | E24: =VLOOKUP(A24,'M. DE CÁLCULO'!$A$17:$N$843,12,0) -> 0 | F24: =S24+E24 -> 10.45 | G24: =D24-F24 -> 5.64 | H24: =E24/D24 -> 0 | I24: =F24/D24 -> 0.6495 | J24: 26.69 | K24: =D24*J24 -> 429.44 | L24: =TRUNC(E24*$J24,2) -> 0 | M24: =TRUNC(F24*$J24,2) -> 278.91 | N24: =K24-M24 -> 150.53 | Q24: =L24 -> 0 | R24: =D24-S24-E24 -> 5.64 | S24: =SUM(T24:X24) -> 10.45 | T24: 10.45
A25: 3 | B25: FUNDAÇÃO | K25: =SUM(K26:K28) -> 11915.13 | L25: =SUM(L26:L28) -> 342.38 | M25: =SUM(M26:M28) -> 11497.88 | N25: =SUM(N26:N28) -> 417.25
A26: 3.1 | B26: LASTRO DE CONCRETO MAGRO, APLICADO EM BLOCOS DE COROAMENTO OU SAPATAS, ESPESSURA DE 5 CM. AF_01/2024 | C26: m² | D26: 14 | E26: =VLOOKUP(A26,'M. DE CÁLCULO'!$A$17:$N$843,12,0) -> 0 | F26: =S26+E26 -> 14 | G26: =D26-F26 -> 0 | H26: =E26/D26 -> 0 | I26: =F26/D26 -> 1 | J26: 45.46 | K26: =D26*J26 -> 636.44 | L26: =TRUNC(E26*$J26,2) -> 0 | M26: =TRUNC(F26*$J26,2) -> 636.44 | N26: =K26-M26 -> 0 | Q26: =L26 -> 0 | R26: =D26-S26-E26 -> 0 | S26: =SUM(T26:X26) -> 14 | T26: 14
A27: 3.2 | B27: FABRICAÇÃO, MONTAGEM E DESMONTAGEM DE FÔRMA PARA BLOCO DE COROAMENTO, EM CHAPA DE MADEIRA COMPENSADA RESINADA, E=17 MM, 4 UTILIZAÇÕES. AF_01/2024 | C27: m² | D27: 35.84 | E27: =VLOOKUP(A27,'M. DE CÁLCULO'!$A$17:$N$843,12,0) -> 2.08 | F27: =S27+E27 -> 34.08 | G27: =D27-F27 -> 1.76 | H27: =E27/D27 -> 0.058 | I27: =F27/D27 -> 0.9509 | J27: 164.61 | K27: =D27*J27 -> 5899.62 | L27: =TRUNC(E27*$J27,2) -> 342.38 | M27: =TRUNC(F27*$J27,2) -> 5609.9 | N27: =K27-M27 -> 289.72 | Q27: =L27 -> 342.38 | R27: =D27-S27-E27 -> 1.76 | S27: =SUM(T27:X27) -> 32 | T27: 32
A28: 3.3 | B28: CONCRETO CICLÓPICO FCK = 25MPA, 30% PEDRA DE MÃO EM VOLUME REAL, INCLUSIVE LANÇAMENTO. R_11/2021 | C28: m³ | D28: 7.17 | E28: =VLOOKUP(A28,'M. DE CÁLCULO'!$A$17:$N$843,12,0) -> 0 | F28: =S28+E28 -> 7 | G28: =D28-F28 -> 0.17 | H28: =E28/D28 -> 0 | I28: =F28/D28 -> 0.9763 | J28: 750.22 | K28: =TRUNC(D28*J28,2) -> 5379.07 | L28: =TRUNC(E28*$J28,2) -> 0 | M28: =TRUNC(F28*$J28,2) -> 5251.54 | N28: =K28-M28 -> 127.53 | Q28: =L28 -> 0 | R28: =D28-S28-E28 -> 0.17 | S28: =SUM(T28:X28) -> 7 | T28: 7
A29: 4 | B29: ESTRUTURA | K29: =SUM(K30:K31) -> 194187.12 | L29: =SUM(L30:L31) -> 115035.58 | M29: =SUM(M30:M31) -> 160136.02 | N29: =SUM(N30:N31) -> 34051.1
A30: 4.1 | B30: ESTRUTURA METÁLICA P/ COBERTURA C/VIGAS-TRELIÇA PRATT E TERÇAS EM UDC 127, 2 ÁGUAS, SEM LANTERNIN, VÃOS 10,01 A 20,0M, PINTADA 1 D OXIDO FERRO + 2 D ESMALTE EPÓXI BRANCO, EXCETO FORN. TELHAS - EXECUTADA | C30: m² | D30: 657 | E30: =VLOOKUP(A30,'M. DE CÁLCULO'!$A$17:$N$843,12,0) -> 504.14 | F30: =S30+E30 -> 504.14 | G30: =D30-F30 -> 152.86 | H30: =E30/D30 -> 0.7673 | I30: =F30/D30 -> 0.7673 | J30: 222.76 | K30: =TRUNC(D30*J30,2) -> 146353.32 | L30: =TRUNC(E30*$J30,2) -> 112302.22 | M30: =TRUNC(F30*$J30,2) -> 112302.22 | N30: =K30-M30 -> 34051.1 | Q30: =L30 -> 112302.22 | R30: =D30-S30-E30 -> 152.86 | S30: =SUM(T30:X30) -> 0 | T30: 0
A31: 4.2 | B31: COLUNA METÁLICA, EM PERFIS UDC127X50X5,13, DIAGONAIS DUPLAS, DIVERSOS USOS OU COMPOSIÇÃO DE PÓRTICOS VÃOS 10,01M A 20,0M,, LARGURA 0,60M, PDMAX. 7,00 , PINTURA 01 DEMÃO EPOXI FUNDO ÓXIDO FERRO + 02 DEMÃOS ESMALTE EPOXI BRANCO | C31: M | D31: 70 | E31: =VLOOKUP(A31,'M. DE CÁLCULO'!$A$17:$N$843,12,0) -> 4 | F31: =S31+E31 -> 70 | G31: =D31-F31 -> 0 | H31: =E31/D31 -> 0.0571 | I31: =F31/D31 -> 1 | J31: 683.34 | K31: =TRUNC(D31*J31,2) -> 47833.8 | L31: =TRUNC(E31*$J31,2) -> 2733.36 | M31: =TRUNC(F31*$J31,2) -> 47833.8 | N31: =K31-M31 -> 0 | Q31: =L31 -> 2733.36 | R31: =D31-S31-E31 -> 0 | S31: =SUM(T31:X31) -> 66 | T31: 66
A32: 5 | B32: PAREDES E PAINÉIS | K32: =SUM(K33:K33) -> 4140.29 | L32: =SUM(L33:L33) -> 303.82 | M32: =SUM(M33:M33) -> 4129.08 | N32: =SUM(N33:N33) -> 11.21
A33: 5.1 | B33: ALVENARIA EM TIJOLO CERÂMICO FURADO 9X19X19CM, 1 VEZ (ESPESSURA 19 CM), ASSENTADO EM ARGAMASSA TRAÇO 1:4 (CIMENTO E AREIA MÉDIA), PREPARO MANUAL, JUNTA 1 CM. INC_11/2016 | C33: m² | D33: 33.25 | E33: =VLOOKUP(A33,'M. DE CÁLCULO'!$A$17:$N$843,12,0) -> 2.44 | F33: =S33+E33 -> 33.16 | G33: =D33-F33 -> 0.09 | H33: =E33/D33 -> 0.0734 | I33: =F33/D33 -> 0.9973 | J33: 124.52 | K33: =TRUNC(D33*J33,2) -> 4140.29 | L33: =TRUNC(E33*$J33,2) -> 303.82 | M33: =TRUNC(F33*$J33,2) -> 4129.08 | N33: =K33-M33 -> 11.21 | Q33: =L33 -> 303.82 | R33: =D33-S33-E33 -> 0.09 | S33: =SUM(T33:X33) -> 30.72 | T33: 30.72
A34: 6 | B34: COBERTURA | K34: =SUM(K35:K35) -> 53217 | L34: =SUM(L35:L35) -> 0 | M34: =SUM(M35:M35) -> 0 | N34: =SUM(N35:N35) -> 53217
A35: 6.1 | B35: TELHAMENTO COM TELHA DE AÇO/ALUMÍNIO E = 0,5 MM, COM ATÉ 2 ÁGUAS, INCLUSO IÇAMENTO. AF_07/2019 | C35: m² | D35: 657 | E35: =VLOOKUP(A35,'M. DE CÁLCULO'!$A$17:$N$843,12,0) -> 0 | F35: =S35+E35 -> 0 | G35: =D35-F35 -> 657 | H35: =E35/D35 -> 0 | I35: =F35/D35 -> 0 | J35: 81 | K35: =TRUNC(D35*J35,2) -> 53217 | L35: =TRUNC(E35*$J35,2) -> 0 | M35: =TRUNC(F35*$J35,2) -> 0 | N35: =K35-M35 -> 53217 | Q35: =L35 -> 0 | R35: =D35-S35-E35 -> 657 | S35: =SUM(T35:X35) -> 0 | T35: 0
A36: 7 | B36: INSTALAÇÕES ELÉTRICAS | K36: =SUM(K37:K50) -> 18336.48 | L36: =SUM(L37:L50) -> 0 | M36: =SUM(M37:M50) -> 0 | N36: =SUM(N37:N50) -> 18336.48
A37: 7.1 | B37: REFLETOR SLIM LED 100W DE POTÊNCIA, BRANCO FRIO, 6500K, AUTOVOLT, MARCA G-LIGHT OU SIMILAR | C37: UN | D37: 30 | E37: =VLOOKUP(A37,'M. DE CÁLCULO'!$A$17:$N$843,12,0) -> 0 | F37: =S37+E37 -> 0 | G37: =D37-F37 -> 30 | H37: =E37/D37 -> 0 | I37: =F37/D37 -> 0 | J37: 93.45 | K37: =D37*J37 -> 2803.5 | L37: =TRUNC(E37*$J37,2) -> 0 | M37: =TRUNC(F37*$J37,2) -> 0 | N37: =K37-M37 -> 2803.5 | Q37: =L37 -> 0 | R37: =D37-S37-E37 -> 30 | S37: =SUM(T37:X37) -> 0 | T37: 0
A38: 7.2 | B38: ELETRODUTO RÍGIDO SOLDÁVEL, PVC, DN 32 MM (1"), APARENTE - FORNECIMENTO E INSTALAÇÃO. AF_10/2022 | C38: M | D38: 200 | E38: =VLOOKUP(A38,'M. DE CÁLCULO'!$A$17:$N$843,12,0) -> 0 | F38: =S38+E38 -> 0 | G38: =D38-F38 -> 200 | H38: =E38/D38 -> 0 | I38: =F38/D38 -> 0 | J38: 29.89 | K38: =D38*J38 -> 5978 | L38: =TRUNC(E38*$J38,2) -> 0 | M38: =TRUNC(F38*$J38,2) -> 0 | N38: =K38-M38 -> 5978 | Q38: =L38 -> 0 | R38: =D38-S38-E38 -> 200 | S38: =SUM(T38:X38) -> 0 | T38: 0
A39: 7.3 | B39: CURVA 90° PVC RIGIDO SOLDAVEL MARROM, D= 32MM (1''), APARENTE - FORNECIMENTO E INSTALAÇÃO. | C39: UN | D39: 10 | E39: =VLOOKUP(A39,'M. DE CÁLCULO'!$A$17:$N$843,12,0) -> 0 | F39: =S39+E39 -> 0 | G39: =D39-F39 -> 10 | H39: =E39/D39 -> 0 | I39: =F39/D39 -> 0 | J39: 23.71 | K39: =D39*J39 -> 237.1 | L39: =TRUNC(E39*$J39,2) -> 0 | M39: =TRUNC(F39*$J39,2) -> 0 | N39: =K39-M39 -> 237.1 | Q39: =L39 -> 0 | R39: =D39-S39-E39 -> 10 | S39: =SUM(T39:X39) -> 0 | T39: 0
A40: 7.4 | B40: CONDULETE DE PVC, TIPO C, PARA ELETRODUTO DE PVC SOLDÁVEL DN 32 MM (1''), APARENTE - FORNECIMENTO E INSTALAÇÃO. AF_10/2022 | C40: UN | D40: 21 | E40: =VLOOKUP(A40,'M. DE CÁLCULO'!$A$17:$N$843,12,0) -> 0 | F40: =S40+E40 -> 0 | G40: =D40-F40 -> 21 | H40: =E40/D40 -> 0 | I40: =F40/D40 -> 0 | J40: 37.26 | K40: =D40*J40 -> 782.46 | L40: =TRUNC(E40*$J40,2) -> 0 | M40: =TRUNC(F40*$J40,2) -> 0 | N40: =K40-M40 -> 782.46 | Q40: =L40 -> 0 | R40: =D40-S40-E40 -> 21 | S40: =SUM(T40:X40) -> 0 | T40: 0
A41: 7.5 | B41: CONDULETE DE PVC, TIPO E, PARA ELETRODUTO DE PVC SOLDÁVEL DN 32 MM (1''), APARENTE - FORNECIMENTO E INSTALAÇÃO. AF_10/2022 | C41: UN | D41: 3 | E41: =VLOOKUP(A41,'M. DE CÁLCULO'!$A$17:$N$843,12,0) -> 0 | F41: =S41+E41 -> 0 | G41: =D41-F41 -> 3 | H41: =E41/D41 -> 0 | I41: =F41/D41 -> 0 | J41: 30.4 | K41: =D41*J41 -> 91.2 | L41: =TRUNC(E41*$J41,2) -> 0 | M41: =TRUNC(F41*$J41,2) -> 0 | N41: =K41-M41 -> 91.2 | T41: 0
A42: 7.6 | B42: CONDULETE DE PVC, TIPO T, PARA ELETRODUTO DE PVC SOLDÁVEL DN 32 MM (1''), APARENTE - FORNECIMENTO E INSTALAÇÃO. AF_10/2022 | C42: UN | D42: 3 | E42: =VLOOKUP(A42,'M. DE CÁLCULO'!$A$17:$N$843,12,0) -> 0 | F42: =S42+E42 -> 0 | G42: =D42-F42 -> 3 | H42: =E42/D42 -> 0 | I42: =F42/D42 -> 0 | J42: 52.31 | K42: =D42*J42 -> 156.93 | L42: =TRUNC(E42*$J42,2) -> 0 | M42: =TRUNC(F42*$J42,2) -> 0 | N42: =K42-M42 -> 156.93 | T42: 0
A43: 7.7 | B43: CABO DE COBRE FLEXÍVEL ISOLADO, 2,5 MM², ANTI-CHAMA 450/750 V, PARA CIRCUITOS TERMINAIS - FORNECIMENTO E INSTALAÇÃO. AF_03/2023 | C43: M | D43: 840 | E43: =VLOOKUP(A43,'M. DE CÁLCULO'!$A$17:$N$843,12,0) -> 0 | F43: =S43+E43 -> 0 | G43: =D43-F43 -> 840 | H43: =E43/D43 -> 0 | I43: =F43/D43 -> 0 | J43: 5.38 | K43: =D43*J43 -> 4519.2 | L43: =TRUNC(E43*$J43,2) -> 0 | M43: =TRUNC(F43*$J43,2) -> 0 | N43: =K43-M43 -> 4519.2 | T43: 0
A44: 7.8 | B44: CABO DE COBRE FLEXÍVEL ISOLADO, 4 MM², ANTI-CHAMA 450/750 V, PARA CIRCUITOS TERMINAIS - FORNECIMENTO E INSTALAÇÃO. AF_03/2023 | C44: M | D44: 360 | E44: =VLOOKUP(A44,'M. DE CÁLCULO'!$A$17:$N$843,12,0) -> 0 | F44: =S44+E44 -> 0 | G44: =D44-F44 -> 360 | H44: =E44/D44 -> 0 | I44: =F44/D44 -> 0 | J44: 8.32 | K44: =D44*J44 -> 2995.2 | L44: =TRUNC(E44*$J44,2) -> 0 | M44: =TRUNC(F44*$J44,2) -> 0 | N44: =K44-M44 -> 2995.2 | T44: 0
A45: 7.9 | B45: CABO DE COBRE FLEXÍVEL ISOLADO, 6 MM², ANTI-CHAMA 450/750 V, PARA CIRCUITOS TERMINAIS - FORNECIMENTO E INSTALAÇÃO. AF_03/2023 | C45: M | D45: 12 | E45: =VLOOKUP(A45,'M. DE CÁLCULO'!$A$17:$N$843,12,0) -> 0 | F45: =S45+E45 -> 0 | G45: =D45-F45 -> 12 | H45: =E45/D45 -> 0 | I45: =F45/D45 -> 0 | J45: 11.67 | K45: =D45*J45 -> 140.04 | L45: =TRUNC(E45*$J45,2) -> 0 | M45: =TRUNC(F45*$J45,2) -> 0 | N45: =K45-M45 -> 140.04 | T45: 0
A46: 7.10 | B46: QUADRO DE DISTRIBUICAO, EM PVC, DE EMBUTIR, COM BARRAMENTO TERRA / NEUTRO, PARA 12 DISJUNTORES NEMA OU 16 DISJUNTORES DIN - FORNECIMENTO E INSTALAÇÃO | C46: UN | D46: 1 | E46: =VLOOKUP(A46,'M. DE CÁLCULO'!$A$17:$N$843,12,0) -> 0 | F46: =S46+E46 -> 0 | G46: =D46-F46 -> 1 | H46: =E46/D46 -> 0 | I46: =F46/D46 -> 0 | J46: 215.42 | K46: =D46*J46 -> 215.42 | L46: =TRUNC(E46*$J46,2) -> 0 | M46: =TRUNC(F46*$J46,2) -> 0 | N46: =K46-M46 -> 215.42 | T46: 0
A47: 7.11 | B47: DISJUNTOR MONOPOLAR TIPO DIN, CORRENTE NOMINAL DE 32A - FORNECIMENTO E INSTALAÇÃO. AF_07/2025 | C47: UN | D47: 1 | E47: =VLOOKUP(A47,'M. DE CÁLCULO'!$A$17:$N$843,12,0) -> 0 | F47: =S47+E47 -> 0 | G47: =D47-F47 -> 1 | H47: =E47/D47 -> 0 | I47: =F47/D47 -> 0 | J47: 17.08 | K47: =D47*J47 -> 17.08 | L47: =TRUNC(E47*$J47,2) -> 0 | M47: =TRUNC(F47*$J47,2) -> 0 | N47: =K47-M47 -> 17.08 | T47: 0
A48: 7.12 | B48: DISJUNTOR MONOPOLAR TIPO DIN, CORRENTE NOMINAL DE 20A - FORNECIMENTO E INSTALAÇÃO. AF_07/2025 | C48: UN | D48: 2 | E48: =VLOOKUP(A48,'M. DE CÁLCULO'!$A$17:$N$843,12,0) -> 0 | F48: =S48+E48 -> 0 | G48: =D48-F48 -> 2 | H48: =E48/D48 -> 0 | I48: =F48/D48 -> 0 | J48: 14.51 | K48: =D48*J48 -> 29.02 | L48: =TRUNC(E48*$J48,2) -> 0 | M48: =TRUNC(F48*$J48,2) -> 0 | N48: =K48-M48 -> 29.02 | T48: 0
A49: 7.13 | B49: DISJUNTOR BIPOLAR TIPO DR, CORRENTE NOMINAL DE 40A SENSIBILIDADE DE 30MA - FORNECIMENTO E INSTALAÇÃO. | C49: UN | D49: 1 | E49: =VLOOKUP(A49,'M. DE CÁLCULO'!$A$17:$N$843,12,0) -> 0 | F49: =S49+E49 -> 0 | G49: =D49-F49 -> 1 | H49: =E49/D49 -> 0 | I49: =F49/D49 -> 0 | J49: 186.05 | K49: =D49*J49 -> 186.05 | L49: =TRUNC(E49*$J49,2) -> 0 | M49: =TRUNC(F49*$J49,2) -> 0 | N49: =K49-M49 -> 186.05 | T49: 0
A50: 7.14 | B50: DISPOSITIVO DE PROTEÇÃO CONTRA SURTO DE TENSÃO DPS 20KA - 275V. INC_05/2017 | C50: un | D50: 2 | E50: =VLOOKUP(A50,'M. DE CÁLCULO'!$A$17:$N$843,12,0) -> 0 | F50: =S50+E50 -> 0 | G50: =D50-F50 -> 2 | H50: =E50/D50 -> 0 | I50: =F50/D50 -> 0 | J50: 92.64 | K50: =D50*J50 -> 185.28 | L50: =TRUNC(E50*$J50,2) -> 0 | M50: =TRUNC(F50*$J50,2) -> 0 | N50: =K50-M50 -> 185.28 | T50: 0
A51: 8 | B51: INSTALAÇÕES HIDROSSANITÁRIAS | K51: =SUM(K52:K55) -> 15542.66 | L51: =SUM(L52:L55) -> 0 | M51: =SUM(M52:M55) -> 0 | N51: =SUM(N52:N55) -> 15542.66
A52: 8.1 | B52: CALHA EM CHAPA DE AÇO GALVANIZADO NÚMERO 24, DESENVOLVIMENTO DE 100 CM, INCLUSO TRANSPORTE VERTICAL. AF_07/2019 | C52: M | D52: 65.7 | E52: =VLOOKUP(A52,'M. DE CÁLCULO'!$A$17:$N$843,12,0) -> 0 | F52: =S52+E52 -> 0 | G52: =D52-F52 -> 65.7 | H52: =E52/D52 -> 0 | I52: =F52/D52 -> 0 | J52: 163.1 | K52: =D52*J52 -> 10715.67 | L52: =TRUNC(E52*$J52,2) -> 0 | M52: =TRUNC(F52*$J52,2) -> 0 | N52: =K52-M52 -> 10715.67 | Q52: =L52 -> 0 | R52: =D52-S52-E52 -> 65.7 | S52: =SUM(T52:X52) -> 0 | T52: 0
A53: 8.2 | B53: JOELHO 90 GRAUS, PVC, SERIE R, ÁGUA PLUVIAL, DN 100 MM, JUNTA ELÁSTICA, FORNECIDO E INSTALADO EM CONDUTORES VERTICAIS DE ÁGUAS PLUVIAIS. AF_06/2022 | C53: UN | D53: 42 | E53: =VLOOKUP(A53,'M. DE CÁLCULO'!$A$17:$N$843,12,0) -> 0 | F53: =S53+E53 -> 0 | G53: =D53-F53 -> 42 | H53: =E53/D53 -> 0 | I53: =F53/D53 -> 0 | J53: 48.32 | K53: =D53*J53 -> 2029.44 | L53: =TRUNC(E53*$J53,2) -> 0 | M53: =TRUNC(F53*$J53,2) -> 0 | N53: =K53-M53 -> 2029.44 | Q53: =L53 -> 0 | R53: =D53-S53-E53 -> 42 | S53: =SUM(T53:X53) -> 0 | T53: 0
A54: 8.3 | B54: TUBO PVC, SÉRIE R, ÁGUA PLUVIAL, DN 100 MM, FORNECIDO E INSTALADO EM CONDUTORES VERTICAIS DE ÁGUAS PLUVIAIS. AF_06/2022 | C54: M | D54: 70 | E54: =VLOOKUP(A54,'M. DE CÁLCULO'!$A$17:$N$843,12,0) -> 0 | F54: =S54+E54 -> 0 | G54: =D54-F54 -> 70 | H54: =E54/D54 -> 0 | I54: =F54/D54 -> 0 | J54: 34.65 | K54: =D54*J54 -> 2425.5 | L54: =TRUNC(E54*$J54,2) -> 0 | M54: =TRUNC(F54*$J54,2) -> 0 | N54: =K54-M54 -> 2425.5 | Q54: =L54 -> 0 | R54: =D54-S54-E54 -> 70 | S54: =SUM(T54:X54) -> 0 | T54: 0
A55: 8.4 | B55: TUBO PVC, SÉRIE R, ÁGUA PLUVIAL, DN 100 MM, FORNECIDO E INSTALADO EM RAMAL DE ENCAMINHAMENTO. AF_06/2022 | C55: M | D55: 7 | E55: =VLOOKUP(A55,'M. DE CÁLCULO'!$A$17:$N$843,12,0) -> 0 | F55: =S55+E55 -> 0 | G55: =D55-F55 -> 7 | H55: =E55/D55 -> 0 | I55: =F55/D55 -> 0 | J55: 53.15 | K55: =D55*J55 -> 372.05 | L55: =TRUNC(E55*$J55,2) -> 0 | M55: =TRUNC(F55*$J55,2) -> 0 | N55: =K55-M55 -> 372.05 | Q55: =L55 -> 0 | R55: =D55-S55-E55 -> 7 | S55: =SUM(T55:X55) -> 0 | T55: 0
A56: 9 | B56: PAVIMENTAÇÃO | K56: =SUM(K57:K58) -> 3127.23 | L56: =SUM(L57:L58) -> 0 | M56: =SUM(M57:M58) -> 2436.99 | N56: =SUM(N57:N58) -> 690.24
A57: 9.1 | B57: LASTRO DE CONCRETO MAGRO, APLICADO EM PISOS, LAJES SOBRE SOLO OU RADIERS. AF_01/2024 | C57: m³ | D57: 1.86 | E57: =VLOOKUP(A57,'M. DE CÁLCULO'!$A$17:$N$843,12,0) -> 0 | F57: =S57+E57 -> 1.15 | G57: =D57-F57 -> 0.71 | H57: =E57/D57 -> 0 | I57: =F57/D57 -> 0.6183 | J57: 839.17 | K57: =TRUNC(D57*J57,2) -> 1560.85 | L57: =TRUNC(E57*$J57,2) -> 0 | M57: =TRUNC(F57*$J57,2) -> 965.04 | N57: =K57-M57 -> 595.81 | Q57: =L57 -> 0 | R57: =D57-S57-E57 -> 0.71 | S57: =SUM(T57:X57) -> 1.15 | T57: 1.15
A58: 9.2 | B58: PISO CIMENTADO, TRAÇO 1:3 (CIMENTO E AREIA), ACABAMENTO RÚSTICO, ESPESSURA 3,0 CM, PREPARO MECÂNICO DA ARGAMASSA. AF_09/2020 | C58: m² | D58: 31.85 | E58: =VLOOKUP(A58,'M. DE CÁLCULO'!$A$17:$N$843,12,0) -> 0 | F58: =S58+E58 -> 29.93 | G58: =D58-F58 -> 1.92 | H58: =E58/D58 -> 0 | I58: =F58/D58 -> 0.9397 | J58: 49.18 | K58: =D58*J58 -> 1566.38 | L58: =TRUNC(E58*$J58,2) -> 0 | M58: =TRUNC(F58*$J58,2) -> 1471.95 | N58: =K58-M58 -> 94.43 | Q58: =L58 -> 0 | R58: =D58-S58-E58 -> 1.92 | S58: =SUM(T58:X58) -> 29.93 | T58: 29.93
A59: 10 | B59: REVESTIMENTOS | K59: =SUM(K60:K61) -> 2295.91 | L59: =SUM(L60:L61) -> 2289.68 | M59: =SUM(M60:M61) -> 2289.68 | N59: =SUM(N60:N61) -> 6.23
A60: 10.1 | B60: CHAPISCO APLICADO EM ALVENARIA (SEM PRESENÇA DE VÃOS) E ESTRUTURAS DE CONCRETO DE FACHADA, COM COLHER DE PEDREIRO. ARGAMASSA TRAÇO 1:3 COM PREPARO EM BETONEIRA 400L. AF_10/2022 | C60: m² | D60: 33.25 | E60: =VLOOKUP(A60,'M. DE CÁLCULO'!$A$17:$N$843,12,0) -> 33.16 | F60: =S60+E60 -> 33.16 | G60: =D60-F60 -> 0.09 | H60: =E60/D60 -> 0.9973 | I60: =F60/D60 -> 0.9973 | J60: 7.81 | K60: =D60*J60 -> 259.68 | L60: =TRUNC(E60*$J60,2) -> 258.97 | M60: =TRUNC(F60*$J60,2) -> 258.97 | N60: =K60-M60 -> 0.71 | Q60: =L60 -> 258.97 | R60: =D60-S60-E60 -> 0.09 | S60: =SUM(T60:X60) -> 0 | T60: 0
A61: 10.2 | B61: EMBOÇO OU MASSA ÚNICA EM ARGAMASSA TRAÇO 1:2:8, PREPARO MECÂNICO COM BETONEIRA 400 L, APLICADA MANUALMENTE EM PANOS DE FACHADA COM PRESENÇA DE VÃOS, ESPESSURA DE 25 MM. AF_08/2022 | C61: m² | D61: 33.25 | E61: =VLOOKUP(A61,'M. DE CÁLCULO'!$A$17:$N$843,12,0) -> 33.16 | F61: =S61+E61 -> 33.16 | G61: =D61-F61 -> 0.09 | H61: =E61/D61 -> 0.9973 | I61: =F61/D61 -> 0.9973 | J61: 61.24 | K61: =D61*J61 -> 2036.23 | L61: =TRUNC(E61*$J61,2) -> 2030.71 | M61: =TRUNC(F61*$J61,2) -> 2030.71 | N61: =K61-M61 -> 5.52 | Q61: =L61 -> 2030.71 | R61: =D61-S61-E61 -> 0.09 | S61: =SUM(T61:X61) -> 0 | T61: 0
A62: 11 | B62: PINTURA | K62: =SUM(K63) -> 379.38 | L62: =SUM(L63) -> 0 | M62: =SUM(M63) -> 0 | N62: =SUM(N63) -> 379.38
A63: 11.1 | B63: CAIAÇÃO DE PAREDE COM 03 DEMÃOS. R_05/2021 | C63: m² | D63: 33.25 | E63: =VLOOKUP(A63,'M. DE CÁLCULO'!$A$17:$N$843,12,0) -> 0 | F63: =S63+E63 -> 0 | G63: =D63-F63 -> 33.25 | H63: =E63/D63 -> 0 | I63: =F63/D63 -> 0 | J63: 11.41 | K63: =D63*J63 -> 379.38 | L63: =TRUNC(E63*$J63,2) -> 0 | M63: =TRUNC(F63*$J63,2) -> 0 | N63: =K63-M63 -> 379.38 | Q63: =L63 -> 0 | R63: =D63-S63-E63 -> 33.25 | S63: =SUM(T63:X63) -> 0 | T63: 0
A64: 12 | B64: SERVIÇOS COMPLEMENTARES | K64: =SUM(K65:K68) -> 5106.4 | L64: =SUM(L65:L68) -> 0 | M64: =SUM(M65:M68) -> 400.17 | N64: =SUM(N65:N68) -> 4706.23
A65: 12.1 | B65: CARGA, MANOBRA E DESCARGA DE ENTULHO EM CAMINHÃO BASCULANTE 6 M³ - CARGA COM ESCAVADEIRA HIDRÁULICA (CAÇAMBA DE 0,80 M³ / 111 HP) E DESCARGA LIVRE (UNIDADE: M3). AF_07/2020 | C65: m³ | D65: 36 | E65: =VLOOKUP(A65,'M. DE CÁLCULO'!$A$17:$N$843,12,0) -> 0 | F65: =S65+E65 -> 8.73 | G65: =D65-F65 -> 27.27 | H65: =E65/D65 -> 0 | I65: =F65/D65 -> 0.2425 | J65: 11.24 | K65: =D65*J65 -> 404.64 | L65: =TRUNC(E65*$J65,2) -> 0 | M65: =TRUNC(F65*$J65,2) -> 98.12 | N65: =K65-M65 -> 306.52 | Q65: =L65 -> 0 | R65: =D65-S65-E65 -> 27.27 | S65: =SUM(T65:X65) -> 8.73 | T65: 8.73
A66: 12.2 | B66: TRANSPORTE COM CAMINHÃO BASCULANTE DE 6 M³, EM VIA URBANA PAVIMENTADA, DMT ATÉ 30 KM (UNIDADE: M3XKM). AF_07/2020 | C66: M3XKM | D66: 360 | E66: =VLOOKUP(A66,'M. DE CÁLCULO'!$A$17:$N$843,12,0) -> 0 | F66: =S66+E66 -> 87.3 | G66: =D66-F66 -> 272.7 | H66: =E66/D66 -> 0 | I66: =F66/D66 -> 0.2425 | J66: 3.46 | K66: =D66*J66 -> 1245.6 | L66: =TRUNC(E66*$J66,2) -> 0 | M66: =TRUNC(F66*$J66,2) -> 302.05 | N66: =K66-M66 -> 943.55 | Q66: =L66 -> 0 | R66: =D66-S66-E66 -> 272.7 | S66: =SUM(T66:X66) -> 87.3 | T66: 87.3
A67: 12.3 | B67: DESMOBILIZAÇÃO DE EQUIPAMENTOS EM CAMINHÃO EQUIPADO COM GUINDASTE | C67: KM | D67: 50 | E67: =VLOOKUP(A67,'M. DE CÁLCULO'!$A$17:$N$843,12,0) -> 0 | F67: =S67+E67 -> 0 | G67: =D67-F67 -> 50 | H67: =E67/D67 -> 0 | I67: =F67/D67 -> 0 | J67: 5 | K67: =D67*J67 -> 250 | L67: =TRUNC(E67*$J67,2) -> 0 | M67: =TRUNC(F67*$J67,2) -> 0 | N67: =K67-M67 -> 250 | Q67: =L67 -> 0 | R67: =D67-S67-E67 -> 50 | S67: =SUM(T67:X67) -> 0 | T67: 0
A68: 12.4 | B68: LIMPEZA FINAL DE OBRA. INC_05/2019 | C68: m² | D68: 657 | E68: =VLOOKUP(A68,'M. DE CÁLCULO'!$A$17:$N$843,12,0) -> 0 | F68: =S68+E68 -> 0 | G68: =D68-F68 -> 657 | H68: =E68/D68 -> 0 | I68: =F68/D68 -> 0 | J68: 4.88 | K68: =D68*J68 -> 3206.16 | L68: =TRUNC(E68*$J68,2) -> 0 | M68: =TRUNC(F68*$J68,2) -> 0 | N68: =K68-M68 -> 3206.16 | Q68: =L68 -> 0 | R68: =D68-S68-E68 -> 657 | S68: =SUM(T68:X68) -> 0 | T68: 0
H69: TOTAIS: | K69: =(K13+K21+K25+K29+K32+K34+K36+K51+K56+K59+K62+K64) -> 335000 | L69: =SUM(L13:L68)/2 -> 124193.35 | M69: =SUM(M13:M68)/2 -> 200036.42 | N69: =SUM(N13:N68)/2 -> 134963.58
B71: QUADRO RESUMO 01
B72: DEMONSTRATIVO | C72: VALORES | S72: CONTRATO | T72: 335000
B73: VALOR GLOBAL DA OBRA/SERVIÇO (R$) | C73: R$ | D73: =K69 -> 335000 | S73: ADM | T73: 17695.49
B74: VALOR DA MEDIÇÃO | C74: R$ | D74: =L69 -> 124193.35 | S74: CONTRATO S/ ADM | T74: =T72-T73 -> 317304.51
B75: PERCENTUAL DA MEDIÇÃO | C75: % | D75: =(L69/K69) -> 0.3707 | S75: BM 01 | T75: 71774.69
B76: PERCENTUAL FATURADO | C76: % | D76: =(M69/K69) -> 0.5971
B77: SALDO DO CONTRATO (R$) | C77: R$ | D77: =N69 -> 134963.58 | S77: % ADM BM 01 | T77: =T75/T74 -> 0.23
B79: QUADRO RESUMO 02
B80: ITEM | C80: PREVISTO | E80: NO PERIODO (R$) | F80: NO PERIODO (%) | G80: ACUMULADO (R$) | I80: ACUMULADO (%)
B81: =B13 -> SERVIÇOS PRELIMINARES | C81: =K13 -> 23460.26 | E81: =L13 -> 6195.01 | F81: =E81/C81 -> 0.2641 | G81: =M13 -> 16027.88 | I81: =G81/C81 -> 0.6832
B82: =B21 -> MOVIMENTO DE TERRA | C82: =K21 -> 3292.14 | E82: =L21 -> 26.88 | F82: =E82/C82 -> 0.0082 | G82: =M21 -> 3118.72 | I82: =G82/C82 -> 0.9473
B83: =B25 -> FUNDAÇÃO | C83: =K25 -> 11915.13 | E83: =L25 -> 342.38 | F83: =E83/C83 -> 0.0287 | G83: =M25 -> 11497.88 | I83: =G83/C83 -> 0.965
B84: =B29 -> ESTRUTURA | C84: =K29 -> 194187.12 | E84: =L29 -> 115035.58 | F84: =E84/C84 -> 0.5924 | G84: =M29 -> 160136.02 | I84: =G84/C84 -> 0.8246
B85: =B32 -> PAREDES E PAINÉIS | C85: =K32 -> 4140.29 | E85: =L32 -> 303.82 | F85: =E85/C85 -> 0.0734 | G85: =M32 -> 4129.08 | I85: =G85/C85 -> 0.9973
B86: =B34 -> COBERTURA | C86: =K34 -> 53217 | E86: =L34 -> 0 | F86: =E86/C86 -> 0 | G86: =O34 -> 0 | I86: =G86/C86 -> 0
B87: =B36 -> INSTALAÇÕES ELÉTRICAS | C87: =K36 -> 18336.48 | E87: =L36 -> 0 | F87: =E87/C87 -> 0 | G87: =M36 -> 0 | I87: =G87/C87 -> 0
B88: =B51 -> INSTALAÇÕES HIDROSSANITÁRIAS | C88: =K51 -> 15542.66 | E88: =L51 -> 0 | F88: =E88/C88 -> 0 | G88: =M51 -> 0 | I88: =G88/C88 -> 0
B89: =B56 -> PAVIMENTAÇÃO | C89: =K56 -> 3127.23 | E89: =L56 -> 0 | F89: =E89/C89 -> 0 | G89: =M56 -> 2436.99 | I89: =G89/C89 -> 0.7793
B90: =B59 -> REVESTIMENTOS | C90: =K59 -> 2295.91 | E90: =L59 -> 2289.68 | F90: =E90/C90 -> 0.9973 | G90: =M59 -> 2289.68 | I90: =G90/C90 -> 0.9973
B91: =B62 -> PINTURA | C91: =K62 -> 379.38 | E91: =L62 -> 0 | F91: =E91/C91 -> 0 | G91: =M62 -> 0 | I91: =G91/C91 -> 0
B92: =B64 -> SERVIÇOS COMPLEMENTARES | C92: =K64 -> 5106.4 | E92: =L64 -> 0 | F92: =E92/C92 -> 0 | G92: =M64 -> 400.17 | I92: =G92/C92 -> 0.0784
B93: SUB-TOTAL | C93: =SUM(C81:D92) -> 335000 | D93: =SUBTOTAL(9,D69:D87) -> 594157.9 | E93: =SUM(E81:E92) -> 124193.35 | G93: =SUM(G81:H92) -> 200036.42

Sheet M. DE CÁLCULO
O2: OBRA S/ ADM REFORMA: | P2: =PLANILHA!K69-PLANILHA!K14 -> 317304.51 | S2: OBRA S/ ADM REFORMA: | T2: =SUM(PLANILHA!K13:K68)/2 -> 335000
A3: GOVERNO DO ESTADO DO RIO GRANDE DO NORTE | O3: MEDIÇÃO ACUMULADA: | P3: =PLANILHA!L69 -> 124193.35 | Q3: 246352.6 | S3: OBRA S/ ADM AMPLIAÇÃO: | T3: =(SUM(PLANILHA!#REF!)-(PLANILHA!#REF!))/2 -> #REF! | V3: MED ATUAL
A4: SECRETARIA DE INFRA-ESTRUTURA - SIN | O4: MEDIÇÃO ATUAL: | P4: =P3-Q3 -> -122159.25 | S4: MEDIÇÃO ATUALREFORMA: | T4: =SUM(PLANILHA!L15:L19,PLANILHA!L21,PLANILHA!L25,PLANILHA!L29,PLANILHA!L32,PLANILHA!L34,PLANILHA!L36,PLANILHA!L51,PLANILHA!L56,PLANILHA!L59,PLANILHA!L62,PLANILHA!L64,PLANILHA!#REF!,PLANILHA!#REF!,PLANILHA!#REF!,PLANILHA!#REF!,PLANILHA!#REF!,PLANILHA!#REF!) -> #REF! | U4: 323198.85 | V4: =T4-U4 -> #REF!
A5: COORDENADORIA DE OBRAS E SERVIÇOS DE ENGENHARIA | O5: AVANÇO DA OBRA: | P5: =P4/P2 -> -0.385 | Q5: =1373261.23/2 -> 686630.62 | S5: MEDIÇÃO ATUAL AMPLIAÇÃO: | T5: =SUM(PLANILHA!#REF!)/2 -> #REF! | U5: 10346.24 | V5: =T5-U5 -> #REF!
A6: SUB-COORDENADORIA DE FISCALIZAÇÃO E CONTROLE | O6: ADM: | P6: =P5 -> -0.385 | Q6: =(141055.2-2917.43)/2 -> 69068.89 | S6: AVANÇO DA OBRA REFORMA: | T6: =V4/T2 -> #REF! | V6: =SUM(V4:V5) -> #REF!
M7: LEGENDA
N8: BM 02 | Q8: =SUM(Q5:Q6) -> 755699.51 | R8: =PLANILHA!K69 -> 335000 | S8: AVANÇO DA OBRA AMPLIAÇÃO: | T8: =V5/T3 -> #REF!
R9: =Q8-R8 -> 420699.51 | S9: ADM: | T9: =T6 -> #REF!
A10: =PLANILHA!B8 -> CONSTITUI O PRESENTE OBJETO A CONTRATAÇÃO DE EMPRESA ESPECIALIZADA PARA EXECUÇÃO DE OBRA DA COBERTURA DA QUADRA POLIESPORTIVA DO 8º BATALHÃO DE POLICIA MILITAR, LOCALIZADO NA RUA PROF. MARIO PINOTI, 218, NOVA CRUZ/RN.
A11: MEMÓRIA DE CÁLCULO - BOLETIM DE MEDIÇÃO Nº 02
A13: LEGENDA: C /P= COMPRIMENTO/PERÍMETRO; L = LARGURA; H = ALTURA; N = Nº DE REPETIÇÕES; A/V=ÁREA/VOLUME
O14: MEDIDOS
A15: ITEM | B15: DESCRIÇÃO | C15: UNID | D15: C/P | E15: L | F15: H | G15: % | H15: N | I15: Q | J15: A/V | K15: SUBTOTAL | L15: MEDIDO NO PERÍODO | M15: PREVISTO | N15: SALDO | O15: X
O16: X
A17: =PLANILHA!A13 -> 1. | B17: =VLOOKUP(A17,PLANILHA!A:N,2,FALSE) -> SERVIÇOS PRELIMINARES | O17: X
A18: =PLANILHA!A14 -> 1.1 | B18: =VLOOKUP(A18,PLANILHA!A:N,2,FALSE) -> ADMINISTRAÇÃO LOCAL DA OBRA | C18: =VLOOKUP(A18,PLANILHA!A:N,3,FALSE) -> UN | L18: =SUM(K19:K21) -> 0.35 | M18: =VLOOKUP(A18,PLANILHA!A:N,4,FALSE) -> 1 | N18: =VLOOKUP(A18,PLANILHA!A:N,7,FALSE) -> 0.42 | O18: X | P18: 17695.49
O19: X
A20: BM 02 | B20: ADMINISTRAÇÃO DE OBRA - PROPORCIONAL AO AVANÇO | G20: 0.35 | K20: =G20 -> 0.35 | O20: X | P20: 6195.01
O21: X
A22: =PLANILHA!A15 -> 1.2 | B22: =VLOOKUP(A22,PLANILHA!A:N,2,FALSE) -> REGULARIZAÇÃO DE OBRA - ART - 2025 | C22: =VLOOKUP(A22,PLANILHA!A:N,3,FALSE) -> UN | L22: =SUM(K23:K24) -> 0 | M22: =VLOOKUP(A22,PLANILHA!A:N,4,FALSE) -> 1 | N22: =VLOOKUP(A22,PLANILHA!A:N,7,FALSE) -> 0 | O22: X
O23: X
O24: X
A25: =PLANILHA!A16 -> 1.3 | B25: =VLOOKUP(A25,PLANILHA!A:N,2,FALSE) -> FORNECIMENTO E INSTALAÇÃO DE PLACA DE OBRA COM CHAPA GALVANIZADA E ESTRUTURA DE MADEIRA. AF_03/2022_PS | C25: =VLOOKUP(A25,PLANILHA!A:N,3,FALSE) -> m² | L25: =SUM(K26:K27) -> 0 | M25: =VLOOKUP(A25,PLANILHA!A:N,4,FALSE) -> 6 | N25: =VLOOKUP(A25,PLANILHA!A:N,7,FALSE) -> 0 | O25: X
O26: X
O27: X
A28: =PLANILHA!A17 -> 1.4 | B28: =VLOOKUP(A28,PLANILHA!A:N,2,FALSE) -> MOBILIZAÇÃO DE EQUIPAMENTOS EM CAMINHÃO EQUIPADO COM GUINDASTE | C28: =VLOOKUP(A28,PLANILHA!A:N,3,FALSE) -> KM | L28: =SUM(K29:K30) -> 0 | M28: =VLOOKUP(A28,PLANILHA!A:N,4,FALSE) -> 50 | N28: =VLOOKUP(A28,PLANILHA!A:N,7,FALSE) -> 0 | O28: X
O29: X
O30: X
A31: =PLANILHA!A18 -> 1.5 | B31: =VLOOKUP(A31,PLANILHA!A:N,2,FALSE) -> DEMOLIÇÃO DE PISO DE CIMENTADO SOBRE LASTRO DE CONCRETO SIMPLES/CALCETAMENTO. R_11/2020 | C31: =VLOOKUP(A31,PLANILHA!A:N,3,FALSE) -> m² | L31: =SUM(K32:K33) -> 0 | M31: =VLOOKUP(A31,PLANILHA!A:N,4,FALSE) -> 23.66 | N31: =VLOOKUP(A31,PLANILHA!A:N,7,FALSE) -> 0.01 | O31: X
O32: X
O33: X
A34: =PLANILHA!A19 -> 1.6 | B34: =VLOOKUP(A34,PLANILHA!A:N,2,FALSE) -> DEMOLIÇÃO DE ALVENARIA DE BLOCO FURADO, DE FORMA MANUAL, SEM REAPROVEITAMENTO. AF_09/2023 | C34: =VLOOKUP(A34,PLANILHA!A:N,3,FALSE) -> m³ | L34: =SUM(K35:K36) -> 0 | M34: =VLOOKUP(A34,PLANILHA!A:N,4,FALSE) -> 3.46 | N34: =VLOOKUP(A34,PLANILHA!A:N,7,FALSE) -> 0 | O34: X
O35: X
O36: X
A37: =PLANILHA!A20 -> 1.7 | B37: =VLOOKUP(A37,PLANILHA!A:N,2,FALSE) -> REMOÇÃO DE POSTE DE CONCRETO ARMADO SEÇÃO CIRCULAR OU DUPLO T. INC_05/2021 | C37: =VLOOKUP(A37,PLANILHA!A:N,3,FALSE) -> un | L37: =SUM(K38:K39) -> 0 | M37: =VLOOKUP(A37,PLANILHA!A:N,4,FALSE) -> 3 | N37: =VLOOKUP(A37,PLANILHA!A:N,7,FALSE) -> 0 | O37: X
O38: X
O39: X
A40: =PLANILHA!A21 -> 2 | B40: =PLANILHA!B21 -> MOVIMENTO DE TERRA | O40: X
A41: =PLANILHA!A22 -> 2.1 | B41: =VLOOKUP(A41,PLANILHA!A:N,2,FALSE) -> ESCAVAÇÃO MANUAL PARA BLOCO DE COROAMENTO OU SAPATA (INCLUINDO ESCAVAÇÃO PARA COLOCAÇÃO DE FÔRMAS). AF_01/2024 | C41: =VLOOKUP(A41,PLANILHA!A:N,3,FALSE) -> m³ | L41: =SUM(K42:K43) -> 0 | M41: =VLOOKUP(A41,PLANILHA!A:N,4,FALSE) -> 23.96 | N41: =VLOOKUP(A41,PLANILHA!A:N,7,FALSE) -> 0.2 | O41: X | P41: READEQUAÇÃO
O42: X
A44: =PLANILHA!A23 -> 2.2 | B44: =VLOOKUP(A44,PLANILHA!A:N,2,FALSE) -> ATERRO MANUAL COM AREIA PARA ATERRO E APILOADO COM SOQUETE EM CAMADAS DE 20 CM. R_11/2019 | C44: =VLOOKUP(A44,PLANILHA!A:N,3,FALSE) -> m³ | L44: =SUM(K45:K47) -> 0.2 | M44: =VLOOKUP(A44,PLANILHA!A:N,4,FALSE) -> 0.9 | N44: =VLOOKUP(A44,PLANILHA!A:N,7,FALSE) -> 0 | O44: X
O45: X
A46: BM 02 | B46: POSTES REMOVIDOS | D46: 0.25 | E46: 0.25 | F46: 1.1 | H46: 3 | K46: =TRUNC(D46*E46*F46*H46,2) -> 0.2
A48: =PLANILHA!A24 -> 2.3 | B48: =VLOOKUP(A48,PLANILHA!A:N,2,FALSE) -> REATERRO MANUAL DE VALAS, COM PLACA VIBRATÓRIA. AF_08/2023 | C48: =VLOOKUP(A48,PLANILHA!A:N,3,FALSE) -> m³ | L48: =SUM(K49:K50) -> 0 | M48: =VLOOKUP(A48,PLANILHA!A:N,4,FALSE) -> 16.09 | N48: =VLOOKUP(A48,PLANILHA!A:N,7,FALSE) -> 5.64 | O48: X | P48: READEQUAÇÃO
O49: X
O50: X
A51: =PLANILHA!A25 -> 3 | B51: =PLANILHA!B25 -> FUNDAÇÃO
A52: =PLANILHA!A26 -> 3.1 | B52: =VLOOKUP(A52,PLANILHA!A:N,2,FALSE) -> LASTRO DE CONCRETO MAGRO, APLICADO EM BLOCOS DE COROAMENTO OU SAPATAS, ESPESSURA DE 5 CM. AF_01/2024 | C52: =VLOOKUP(A52,PLANILHA!A:N,3,FALSE) -> m² | L52: =SUM(K53:K54) -> 0 | M52: =VLOOKUP(A52,PLANILHA!A:N,4,FALSE) -> 14 | N52: =VLOOKUP(A52,PLANILHA!A:N,7,FALSE) -> 0
A55: =PLANILHA!A27 -> 3.2 | B55: =VLOOKUP(A55,PLANILHA!A:N,2,FALSE) -> FABRICAÇÃO, MONTAGEM E DESMONTAGEM DE FÔRMA PARA BLOCO DE COROAMENTO, EM CHAPA DE MADEIRA COMPENSADA RESINADA, E=17 MM, 4 UTILIZAÇÕES. AF_01/2024 | C55: =VLOOKUP(A55,PLANILHA!A:N,3,FALSE) -> m² | L55: =SUM(K56:K58) -> 2.08 | M55: =VLOOKUP(A55,PLANILHA!A:N,4,FALSE) -> 35.84 | N55: =VLOOKUP(A55,PLANILHA!A:N,7,FALSE) -> 1.76
A57: BM 02 | B57: ÁREA PARA ABAFAMENTO DA FUNDAÇÃO DOS BLOCOS | D57: 1.02 | F57: 1.02 | H57: 2 | I57: 1 | K57: =D57*F57*H57*I57 -> 2.08
A59: =PLANILHA!A28 -> 3.3 | B59: =VLOOKUP(A59,PLANILHA!A:N,2,FALSE) -> CONCRETO CICLÓPICO FCK = 25MPA, 30% PEDRA DE MÃO EM VOLUME REAL, INCLUSIVE LANÇAMENTO. R_11/2021 | C59: =VLOOKUP(A59,PLANILHA!A:N,3,FALSE) -> m³ | L59: =SUM(K60:K61) -> 0 | M59: =VLOOKUP(A59,PLANILHA!A:N,4,FALSE) -> 7.17 | N59: =VLOOKUP(A59,PLANILHA!A:N,7,FALSE) -> 0.17
A62: =PLANILHA!A29 -> 4 | B62: =PLANILHA!B29 -> ESTRUTURA
A63: =PLANILHA!A30 -> 4.1 | B63: =VLOOKUP(A63,PLANILHA!A:N,2,FALSE) -> ESTRUTURA METÁLICA P/ COBERTURA C/VIGAS-TRELIÇA PRATT E TERÇAS EM UDC 127, 2 ÁGUAS, SEM LANTERNIN, VÃOS 10,01 A 20,0M, PINTADA 1 D OXIDO FERRO + 2 D ESMALTE EPÓXI BRANCO, EXCETO FORN. TELHAS - EXECUTADA | C63: =VLOOKUP(A63,PLANILHA!A:N,3,FALSE) -> m² | L63: =SUM(K64:K66) -> 504.14 | M63: =VLOOKUP(A63,PLANILHA!A:N,4,FALSE) -> 657 | N63: =VLOOKUP(A63,PLANILHA!A:N,7,FALSE) -> 152.86
A65: BM 02 | B65: ÁREA DE COBERTURA DE ACORDO COM PROJETO ESTRUTURAL | D65: 20.91 | E65: 24.11 | K65: =D65*E65 -> 504.14 | L65: 505.89
A67: =PLANILHA!A31 -> 4.2 | B67: =VLOOKUP(A67,PLANILHA!A:N,2,FALSE) -> COLUNA METÁLICA, EM PERFIS UDC127X50X5,13, DIAGONAIS DUPLAS, DIVERSOS USOS OU COMPOSIÇÃO DE PÓRTICOS VÃOS 10,01M A 20,0M,, LARGURA 0,60M, PDMAX. 7,00 , PINTURA 01 DEMÃO EPOXI FUNDO ÓXIDO FERRO + 02 DEMÃOS ESMALTE EPOXI BRANCO | C67: =VLOOKUP(A67,PLANILHA!A:N,3,FALSE) -> M | L67: =SUM(K68:K70) -> 4 | M67: =VLOOKUP(A67,PLANILHA!A:N,4,FALSE) -> 70 | N67: =VLOOKUP(A67,PLANILHA!A:N,7,FALSE) -> 0
A69: BM 02 | B69: COLUNA 12 - LADO ARQUIBANCADA | D69: 4 | I69: 1 | K69: =D69*I69 -> 4
A71: =PLANILHA!A32 -> 5 | B71: =PLANILHA!B32 -> PAREDES E PAINÉIS
A72: =PLANILHA!A33 -> 5.1 | B72: =VLOOKUP(A72,PLANILHA!A:N,2,FALSE) -> ALVENARIA EM TIJOLO CERÂMICO FURADO 9X19X19CM, 1 VEZ (ESPESSURA 19 CM), ASSENTADO EM ARGAMASSA TRAÇO 1:4 (CIMENTO E AREIA MÉDIA), PREPARO MANUAL, JUNTA 1 CM. INC_11/2016 | C72: =VLOOKUP(A72,PLANILHA!A:N,3,FALSE) -> m² | L72: =SUM(K73:K76) -> 2.44 | M72: =VLOOKUP(A72,PLANILHA!A:N,4,FALSE) -> 33.25 | N72: =VLOOKUP(A72,PLANILHA!A:N,7,FALSE) -> 0.09
A74: BM 02 | B74: ÁREA DA ESCADA QUE SERÁ RECONSTITUÍDA APÓS INSTALAÇÃO DO PERFIL METÁLICO | D74: 1.2 | E74: 0.9 | I74: 1 | K74: =TRUNC(D74*E74*I74,1) -> 1
B75: ÁREA DO BALDRAME DA EDIFICAÇÃO QUE SERÁ RECONSTITUÍDA APÓS INSTALAÇÃO DO PERFIL METÁLICO | D75: 1.2 | F75: 1.2 | I75: 1 | K75: =TRUNC(D75*F75*I75,2) -> 1.44
A77: =PLANILHA!A34 -> 6 | B77: =PLANILHA!B34 -> COBERTURA
A78: =PLANILHA!A35 -> 6.1 | B78: =VLOOKUP(A78,PLANILHA!A:N,2,FALSE) -> TELHAMENTO COM TELHA DE AÇO/ALUMÍNIO E = 0,5 MM, COM ATÉ 2 ÁGUAS, INCLUSO IÇAMENTO. AF_07/2019 | C78: =VLOOKUP(A78,PLANILHA!A:N,3,FALSE) -> m² | L78: =SUM(K79:K80) -> 0 | M78: =VLOOKUP(A78,PLANILHA!A:N,4,FALSE) -> 657 | N78: =VLOOKUP(A78,PLANILHA!A:N,7,FALSE) -> 657
A81: =PLANILHA!A36 -> 7 | B81: =PLANILHA!B36 -> INSTALAÇÕES ELÉTRICAS
A82: =PLANILHA!A37 -> 7.1 | B82: =VLOOKUP(A82,PLANILHA!A:N,2,FALSE) -> REFLETOR SLIM LED 100W DE POTÊNCIA, BRANCO FRIO, 6500K, AUTOVOLT, MARCA G-LIGHT OU SIMILAR | C82: =VLOOKUP(A82,PLANILHA!A:N,3,FALSE) -> UN | L82: =SUM(K83:K84) -> 0 | M82: =VLOOKUP(A82,PLANILHA!A:N,4,FALSE) -> 30 | N82: =VLOOKUP(A82,PLANILHA!A:N,7,FALSE) -> 30
A85: =PLANILHA!A38 -> 7.2 | B85: =VLOOKUP(A85,PLANILHA!A:N,2,FALSE) -> ELETRODUTO RÍGIDO SOLDÁVEL, PVC, DN 32 MM (1"), APARENTE - FORNECIMENTO E INSTALAÇÃO. AF_10/2022 | C85: =VLOOKUP(A85,PLANILHA!A:N,3,FALSE) -> M | L85: =SUM(K86:K87) -> 0 | M85: =VLOOKUP(A85,PLANILHA!A:N,4,FALSE) -> 200 | N85: =VLOOKUP(A85,PLANILHA!A:N,7,FALSE) -> 200 | O85: MEDIR 100% DO ITEM
A88: =PLANILHA!A39 -> 7.3 | B88: =VLOOKUP(A88,PLANILHA!A:N,2,FALSE) -> CURVA 90° PVC RIGIDO SOLDAVEL MARROM, D= 32MM (1''), APARENTE - FORNECIMENTO E INSTALAÇÃO. | C88: =VLOOKUP(A88,PLANILHA!A:N,3,FALSE) -> UN | L88: =SUM(K89:K90) -> 0 | M88: =VLOOKUP(A88,PLANILHA!A:N,4,FALSE) -> 10 | N88: =VLOOKUP(A88,PLANILHA!A:N,7,FALSE) -> 10
A91: =PLANILHA!A40 -> 7.4 | B91: =VLOOKUP(A91,PLANILHA!A:N,2,FALSE) -> CONDULETE DE PVC, TIPO C, PARA ELETRODUTO DE PVC SOLDÁVEL DN 32 MM (1''), APARENTE - FORNECIMENTO E INSTALAÇÃO. AF_10/2022 | C91: =VLOOKUP(A91,PLANILHA!A:N,3,FALSE) -> UN | L91: =SUM(K92:K93) -> 0 | M91: =VLOOKUP(A91,PLANILHA!A:N,4,FALSE) -> 21 | N91: =VLOOKUP(A91,PLANILHA!A:N,7,FALSE) -> 21
A94: =PLANILHA!A41 -> 7.5 | B94: =VLOOKUP(A94,PLANILHA!A:N,2,FALSE) -> CONDULETE DE PVC, TIPO E, PARA ELETRODUTO DE PVC SOLDÁVEL DN 32 MM (1''), APARENTE - FORNECIMENTO E INSTALAÇÃO. AF_10/2022 | C94: =VLOOKUP(A94,PLANILHA!A:N,3,FALSE) -> UN | L94: =SUM(K95:K96) -> 0 | M94: =VLOOKUP(A94,PLANILHA!A:N,4,FALSE) -> 3 | N94: =VLOOKUP(A94,PLANILHA!A:N,7,FALSE) -> 3 | O94: X
O95: X
O96: X
A97: =PLANILHA!A42 -> 7.6 | B97: =VLOOKUP(A97,PLANILHA!A:N,2,FALSE) -> CONDULETE DE PVC, TIPO T, PARA ELETRODUTO DE PVC SOLDÁVEL DN 32 MM (1''), APARENTE - FORNECIMENTO E INSTALAÇÃO. AF_10/2022 | C97: =VLOOKUP(A97,PLANILHA!A:N,3,FALSE) -> UN | L97: =SUM(K98:K99) -> 0 | M97: =VLOOKUP(A97,PLANILHA!A:N,4,FALSE) -> 3 | N97: =VLOOKUP(A97,PLANILHA!A:N,7,FALSE) -> 3
A100: =PLANILHA!A43 -> 7.7 | B100: =VLOOKUP(A100,PLANILHA!A:N,2,FALSE) -> CABO DE COBRE FLEXÍVEL ISOLADO, 2,5 MM², ANTI-CHAMA 450/750 V, PARA CIRCUITOS TERMINAIS - FORNECIMENTO E INSTALAÇÃO. AF_03/2023 | C100: =VLOOKUP(A100,PLANILHA!A:N,3,FALSE) -> M | L100: =SUM(K101:K102) -> 0 | M100: =VLOOKUP(A100,PLANILHA!A:N,4,FALSE) -> 840 | N100: =VLOOKUP(A100,PLANILHA!A:N,7,FALSE) -> 840
A103: =PLANILHA!A44 -> 7.8 | B103: =VLOOKUP(A103,PLANILHA!A:N,2,FALSE) -> CABO DE COBRE FLEXÍVEL ISOLADO, 4 MM², ANTI-CHAMA 450/750 V, PARA CIRCUITOS TERMINAIS - FORNECIMENTO E INSTALAÇÃO. AF_03/2023 | C103: =VLOOKUP(A103,PLANILHA!A:N,3,FALSE) -> M | L103: =SUM(K104:K105) -> 0 | M103: =VLOOKUP(A103,PLANILHA!A:N,4,FALSE) -> 360 | N103: =VLOOKUP(A103,PLANILHA!A:N,7,FALSE) -> 360
A106: =PLANILHA!A45 -> 7.9 | B106: =VLOOKUP(A106,PLANILHA!A:N,2,FALSE) -> CABO DE COBRE FLEXÍVEL ISOLADO, 6 MM², ANTI-CHAMA 450/750 V, PARA CIRCUITOS TERMINAIS - FORNECIMENTO E INSTALAÇÃO. AF_03/2023 | C106: =VLOOKUP(A106,PLANILHA!A:N,3,FALSE) -> M | L106: =SUM(K107:K108) -> 0 | M106: =VLOOKUP(A106,PLANILHA!A:N,4,FALSE) -> 12 | N106: =VLOOKUP(A106,PLANILHA!A:N,7,FALSE) -> 12
A109: =PLANILHA!A46 -> 7.10 | B109: =VLOOKUP(A109,PLANILHA!A:N,2,FALSE) -> QUADRO DE DISTRIBUICAO, EM PVC, DE EMBUTIR, COM BARRAMENTO TERRA / NEUTRO, PARA 12 DISJUNTORES NEMA OU 16 DISJUNTORES DIN - FORNECIMENTO E INSTALAÇÃO | C109: =VLOOKUP(A109,PLANILHA!A:N,3,FALSE) -> UN | L109: =SUM(K110:K111) -> 0 | M109: =VLOOKUP(A109,PLANILHA!A:N,4,FALSE) -> 1 | N109: =VLOOKUP(A109,PLANILHA!A:N,7,FALSE) -> 1 | O109: X
O110: X
O111: X
A112: =PLANILHA!A47 -> 7.11 | B112: =VLOOKUP(A112,PLANILHA!A:N,2,FALSE) -> DISJUNTOR MONOPOLAR TIPO DIN, CORRENTE NOMINAL DE 32A - FORNECIMENTO E INSTALAÇÃO. AF_07/2025 | C112: =VLOOKUP(A112,PLANILHA!A:N,3,FALSE) -> UN | L112: =SUM(K113:K114) -> 0 | M112: =VLOOKUP(A112,PLANILHA!A:N,4,FALSE) -> 1 | N112: =VLOOKUP(A112,PLANILHA!A:N,7,FALSE) -> 1 | O112: X
A115: =PLANILHA!A48 -> 7.12 | B115: =VLOOKUP(A115,PLANILHA!A:N,2,FALSE) -> DISJUNTOR MONOPOLAR TIPO DIN, CORRENTE NOMINAL DE 20A - FORNECIMENTO E INSTALAÇÃO. AF_07/2025 | C115: =VLOOKUP(A115,PLANILHA!A:N,3,FALSE) -> UN | L115: =SUM(K116:K117) -> 0 | M115: =VLOOKUP(A115,PLANILHA!A:N,4,FALSE) -> 2 | N115: =VLOOKUP(A115,PLANILHA!A:N,7,FALSE) -> 2
A118: =PLANILHA!A49 -> 7.13 | B118: =VLOOKUP(A118,PLANILHA!A:N,2,FALSE) -> DISJUNTOR BIPOLAR TIPO DR, CORRENTE NOMINAL DE 40A SENSIBILIDADE DE 30MA - FORNECIMENTO E INSTALAÇÃO. | C118: =VLOOKUP(A118,PLANILHA!A:N,3,FALSE) -> UN | L118: =SUM(K119:K120) -> 0 | M118: =VLOOKUP(A118,PLANILHA!A:N,4,FALSE) -> 1 | N118: =VLOOKUP(A118,PLANILHA!A:N,7,FALSE) -> 1
A121: =PLANILHA!A50 -> 7.14 | B121: =VLOOKUP(A121,PLANILHA!A:N,2,FALSE) -> DISPOSITIVO DE PROTEÇÃO CONTRA SURTO DE TENSÃO DPS 20KA - 275V. INC_05/2017 | C121: =VLOOKUP(A121,PLANILHA!A:N,3,FALSE) -> un | L121: =SUM(K122:K123) -> 0 | M121: =VLOOKUP(A121,PLANILHA!A:N,4,FALSE) -> 2 | N121: =VLOOKUP(A121,PLANILHA!A:N,7,FALSE) -> 2
A124: =PLANILHA!A51 -> 8 | B124: =VLOOKUP(A124,PLANILHA!A:N,2,FALSE) -> INSTALAÇÕES HIDROSSANITÁRIAS
A125: =PLANILHA!A52 -> 8.1 | B125: =VLOOKUP(A125,PLANILHA!A:N,2,FALSE) -> CALHA EM CHAPA DE AÇO GALVANIZADO NÚMERO 24, DESENVOLVIMENTO DE 100 CM, INCLUSO TRANSPORTE VERTICAL. AF_07/2019 | C125: =VLOOKUP(A125,PLANILHA!A:N,3,FALSE) -> M | L125: =SUM(K126:K127) -> 0 | M125: =VLOOKUP(A125,PLANILHA!A:N,4,FALSE) -> 65.7 | N125: =VLOOKUP(A125,PLANILHA!A:N,7,FALSE) -> 65.7
A128: =PLANILHA!A53 -> 8.2 | B128: =VLOOKUP(A128,PLANILHA!A:N,2,FALSE) -> JOELHO 90 GRAUS, PVC, SERIE R, ÁGUA PLUVIAL, DN 100 MM, JUNTA ELÁSTICA, FORNECIDO E INSTALADO EM CONDUTORES VERTICAIS DE ÁGUAS PLUVIAIS. AF_06/2022 | C128: =VLOOKUP(A128,PLANILHA!A:N,3,FALSE) -> UN | L128: =SUM(K129:K129) -> 0 | M128: =VLOOKUP(A128,PLANILHA!A:N,4,FALSE) -> 42 | N128: =VLOOKUP(A128,PLANILHA!A:N,7,FALSE) -> 42
A131: =PLANILHA!A54 -> 8.3 | B131: =VLOOKUP(A131,PLANILHA!A:N,2,FALSE) -> TUBO PVC, SÉRIE R, ÁGUA PLUVIAL, DN 100 MM, FORNECIDO E INSTALADO EM CONDUTORES VERTICAIS DE ÁGUAS PLUVIAIS. AF_06/2022 | C131: =VLOOKUP(A131,PLANILHA!A:N,3,FALSE) -> M | L131: =SUM(K132:K133) -> 0 | M131: =VLOOKUP(A131,PLANILHA!A:N,4,FALSE) -> 70 | N131: =VLOOKUP(A131,PLANILHA!A:N,7,FALSE) -> 70
A134: =PLANILHA!A55 -> 8.4 | B134: =VLOOKUP(A134,PLANILHA!A:N,2,FALSE) -> TUBO PVC, SÉRIE R, ÁGUA PLUVIAL, DN 100 MM, FORNECIDO E INSTALADO EM RAMAL DE ENCAMINHAMENTO. AF_06/2022 | C134: =VLOOKUP(A134,PLANILHA!A:N,3,FALSE) -> M | L134: =SUM(K135:K136) -> 0 | M134: =VLOOKUP(A134,PLANILHA!A:N,4,FALSE) -> 7 | N134: =VLOOKUP(A134,PLANILHA!A:N,7,FALSE) -> 7
A137: =PLANILHA!A56 -> 9 | B137: =PLANILHA!B56 -> PAVIMENTAÇÃO | O137: X
A138: =PLANILHA!A57 -> 9.1 | B138: =VLOOKUP(A138,PLANILHA!A:N,2,FALSE) -> LASTRO DE CONCRETO MAGRO, APLICADO EM PISOS, LAJES SOBRE SOLO OU RADIERS. AF_01/2024 | C138: =VLOOKUP(A138,PLANILHA!A:N,3,FALSE) -> m³ | L138: =SUM(K139:K140) -> 0 | M138: =VLOOKUP(A138,PLANILHA!A:N,4,FALSE) -> 1.86 | N138: =VLOOKUP(A138,PLANILHA!A:N,7,FALSE) -> 0.71 | O138: X
O139: X
A141: =PLANILHA!A58 -> 9.2 | B141: =VLOOKUP(A141,PLANILHA!A:N,2,FALSE) -> PISO CIMENTADO, TRAÇO 1:3 (CIMENTO E AREIA), ACABAMENTO RÚSTICO, ESPESSURA 3,0 CM, PREPARO MECÂNICO DA ARGAMASSA. AF_09/2020 | C141: =VLOOKUP(A141,PLANILHA!A:N,3,FALSE) -> m² | L141: =SUM(K142:K143) -> 0 | M141: =VLOOKUP(A141,PLANILHA!A:N,4,FALSE) -> 31.85 | N141: =VLOOKUP(A141,PLANILHA!A:N,7,FALSE) -> 1.92 | O141: X
O142: X
A144: =PLANILHA!A59 -> 10 | B144: =PLANILHA!B59 -> REVESTIMENTOS | O144: X
A145: =PLANILHA!A60 -> 10.1 | B145: =VLOOKUP(A145,PLANILHA!A:N,2,FALSE) -> CHAPISCO APLICADO EM ALVENARIA (SEM PRESENÇA DE VÃOS) E ESTRUTURAS DE CONCRETO DE FACHADA, COM COLHER DE PEDREIRO. ARGAMASSA TRAÇO 1:3 COM PREPARO EM BETONEIRA 400L. AF_10/2022 | C145: =VLOOKUP(A145,PLANILHA!A:N,3,FALSE) -> m² | L145: =SUM(K146:K152) -> 33.16 | M145: =VLOOKUP(A145,PLANILHA!A:N,4,FALSE) -> 33.25 | N145: =VLOOKUP(A145,PLANILHA!A:N,7,FALSE) -> 0.09 | O145: X
O146: X
A147: BM 02 | B147: ÁREA DA ARQUIBANCADA QUE SERÁ RECONSTITUÍDA APÓS INSTALAÇÃO DOS PERFIS METÁLICOS | D147: 1.2 | E147: 1.2 | I147: 8 | K147: =D147*E147*I147 -> 11.52
B148: ÁREA PARA ENVOLVER A PEÇA METÁLICA, ISOLANDO O PERFIL FISICAMENTE E QUIMICAMENTE DA AÇÃO DO MATERIAL DE ATERRO | D148: 2 | F148: 1.2 | I148: 8 | K148: =D148*F148*I148 -> 19.2
B150: ÁREA DA ESCADA QUE SERÁ RECONSTITUÍDA APÓS INSTALAÇÃO DOS PERFIS METÁLICOS | D150: 1.2 | E150: 0.9 | I150: 1 | K150: =TRUNC(D150*E150*I150,1) -> 1
B151: ÁREA DDO BALDRAME DA EDIFICAÇÃO SERÁ RECONSTITUÍDA APÓS INSTALAÇÃO DOS PERFIS METÁLICOS | D151: 1.2 | F151: 1.2 | I151: 1 | K151: =TRUNC(D151*F151*I151,2) -> 1.44
A153: =PLANILHA!A61 -> 10.2 | B153: =VLOOKUP(A153,PLANILHA!A:N,2,FALSE) -> EMBOÇO OU MASSA ÚNICA EM ARGAMASSA TRAÇO 1:2:8, PREPARO MECÂNICO COM BETONEIRA 400 L, APLICADA MANUALMENTE EM PANOS DE FACHADA COM PRESENÇA DE VÃOS, ESPESSURA DE 25 MM. AF_08/2022 | C153: =VLOOKUP(A153,PLANILHA!A:N,3,FALSE) -> m² | L153: =SUM(K154:K160) -> 33.16 | M153: =VLOOKUP(A153,PLANILHA!A:N,4,FALSE) -> 33.25 | N153: =VLOOKUP(A153,PLANILHA!A:N,7,FALSE) -> 0.09 | O153: X
O154: X
...
